Rhode Island,RI
Utah,UT
Nevada,NV
Washington,WA
Arkansas,AK
Florida,FL
California,CA
Puerto Rico,PR
Kentucky,KY
District of Columbia,DC
Montana,MN
Oregon,OR
Maryland,ML
New York,NY
Vermont,VT
Virgin Islands,VI
Minnesota,MN
New Mexico,NM
Connecticut,CT
Pennsylvania,PA
North Dakota,ND
Hawaii,HA
Arizona,AZ
New Jersey,NJ
Ohio,OH
Guam,GU
Massachusetts,MA
Texas,TX
West Virginia,WV
Michigan,MI
Tennessee,TN
Delaware,DE
Missouri,MI
South Dakota,SD
Alaska,AK
Kansas,KA
Mississippi,MS
Iowa,IA
New Hampshire,NH
Louisiana,LA
Maine,ME
Idaho,ID
Illinois,IL
North Carolina,NC
Virginia,VA
Colorado,CO
Indiana,IN
Wisconsin,WI
Oklahoma,OK
South Carolina,SC
Alabama,AL
Nebraska,NB
Wyoming,WY
Georgia,GA